{
    "lista_departamentos": [
        {
            "id": "1",
            "name": "Contabilidad",
            "location": "Madrid"
        }, 
        {
            "id": "2",
            "name": "Marketing",
            "location": "Barcelona"
        }, 
        {
            "id": "3",
            "name": "Ventas",
            "location": "Alicante"
        }, 
        {
            "id": "4",
            "name": "Logística",
            "location": "Valencia"
        }
    ]
}