{
  "hash": "b1f4a17f",
  "configHash": "dfaf6cc0",
  "lockfileHash": "e78d6336",
  "browserHash": "053f467e",
  "optimized": {
    "@angular/core": {
      "src": "../../../../../../node_modules/@angular/core/fesm2022/core.mjs",
      "file": "@angular_core.js",
      "fileHash": "98d3da32",
      "needsInterop": false
    },
    "@angular/platform-browser": {
      "src": "../../../../../../node_modules/@angular/platform-browser/fesm2022/platform-browser.mjs",
      "file": "@angular_platform-browser.js",
      "fileHash": "a25604e6",
      "needsInterop": false
    },
    "@angular/router": {
      "src": "../../../../../../node_modules/@angular/router/fesm2022/router.mjs",
      "file": "@angular_router.js",
      "fileHash": "dac57d61",
      "needsInterop": false
    },
    "@angular/common": {
      "src": "../../../../../../node_modules/@angular/common/fesm2022/common.mjs",
      "file": "@angular_common.js",
      "fileHash": "70caba1d",
      "needsInterop": false
    },
    "@angular/forms": {
      "src": "../../../../../../node_modules/@angular/forms/fesm2022/forms.mjs",
      "file": "@angular_forms.js",
      "fileHash": "0617a954",
      "needsInterop": false
    }
  },
  "chunks": {
    "chunk-4AEWPDFT": {
      "file": "chunk-4AEWPDFT.js"
    },
    "chunk-P6CCRDKW": {
      "file": "chunk-P6CCRDKW.js"
    },
    "chunk-LEOBE6CO": {
      "file": "chunk-LEOBE6CO.js"
    }
  }
}